承商名稱,帳號,密碼,負責人,性別,電話
承商01001,01001,12345,AA,0,09XX066666
承商01002,01002,12345,AA,0,09XX066666
承商01003,01003,12345,AA,0,09XX066666
承商01004,01004,12345,AA,0,09XX066666
承商01005,01005,12345,AA,0,09XX066666
承商01006,01006,12345,AA,0,09XX066666
承商01007,01007,12345,AA,0,09XX066666
承商01008,01008,12345,AA,0,09XX066666
承商01009,01009,12345,AA,0,09XX066666
承商02001,02001,12345,AA,0,09XX066666
承商02002,02002,12345,AA,0,09XX066666
承商02003,02003,12345,AA,0,09XX066666
承商02004,02004,12345,AA,0,09XX066666
承商02005,02005,12345,AA,0,09XX066666
承商02006,02006,12345,AA,0,09XX066666
承商02007,02007,12345,AA,0,09XX066666
承商02008,02008,12345,AA,0,09XX066666
承商02009,02009,12345,AA,0,09XX066666
承商03001,03001,12345,AA,0,09XX066666
承商03002,03002,12345,AA,0,09XX066666
承商03003,03003,12345,AA,0,09XX066666
承商03004,03004,12345,AA,0,09XX066666
承商03005,03005,12345,AA,0,09XX066666
承商03006,03006,12345,AA,0,09XX066666
承商03007,03007,12345,AA,0,09XX066666
承商03008,03008,12345,AA,0,09XX066666
承商03009,03009,12345,AA,0,09XX066666
承商04001,04001,12345,AA,0,09XX066666
承商04002,04002,12345,AA,0,09XX066666
承商04003,04003,12345,AA,0,09XX066666
承商04004,04004,12345,AA,0,09XX066666
承商04005,04005,12345,AA,0,09XX066666
承商04006,04006,12345,AA,0,09XX066666
承商04007,04007,12345,AA,0,09XX066666
承商04008,04008,12345,AA,0,09XX066666
承商04009,04009,12345,AA,0,09XX066666
承商05001,05001,12345,AA,0,09XX066666
承商05002,05002,12345,AA,0,09XX066666
承商05003,05003,12345,AA,0,09XX066666
承商05004,05004,12345,AA,0,09XX066666
承商05005,05005,12345,AA,0,09XX066666
承商05006,05006,12345,AA,0,09XX066666
承商05007,05007,12345,AA,0,09XX066666
承商05008,05008,12345,AA,0,09XX066666
承商05009,05009,12345,AA,0,09XX066666
承商06001,06001,12345,AA,0,09XX066666
承商06002,06002,12345,AA,0,09XX066666
承商06003,06003,12345,AA,0,09XX066666
承商06004,06004,12345,AA,0,09XX066666
承商06005,06005,12345,AA,0,09XX066666
承商06006,06006,12345,AA,0,09XX066666
承商06007,06007,12345,AA,0,09XX066666
承商06008,06008,12345,AA,0,09XX066666
承商06009,06009,12345,AA,0,09XX066666
承商07001,07001,12345,AA,0,09XX066666
承商07002,07002,12345,AA,0,09XX066666
承商07003,07003,12345,AA,0,09XX066666
承商07004,07004,12345,AA,0,09XX066666
承商07005,07005,12345,AA,0,09XX066666
承商07006,07006,12345,AA,0,09XX066666
承商07007,07007,12345,AA,0,09XX066666
承商07008,07008,12345,AA,0,09XX066666
承商07009,07009,12345,AA,0,09XX066666
承商08001,08001,12345,AA,0,09XX066666
承商08002,08002,12345,AA,0,09XX066666
承商08003,08003,12345,AA,0,09XX066666
承商08004,08004,12345,AA,0,09XX066666
承商08005,08005,12345,AA,0,09XX066666
承商08006,08006,12345,AA,0,09XX066666
承商08007,08007,12345,AA,0,09XX066666
承商08008,08008,12345,AA,0,09XX066666
承商08009,08009,12345,AA,0,09XX066666
承商09001,09001,12345,AA,0,09XX066666
承商09002,09002,12345,AA,0,09XX066666
承商09003,09003,12345,AA,0,09XX066666
承商09004,09004,12345,AA,0,09XX066666
承商09005,09005,12345,AA,0,09XX066666
承商09006,09006,12345,AA,0,09XX066666
承商09007,09007,12345,AA,0,09XX066666
承商09008,09008,12345,AA,0,09XX066666
承商09009,09009,12345,AA,0,09XX066666
承商10001,10001,12345,AA,0,09XX066666
承商10002,10002,12345,AA,0,09XX066666
承商10003,10003,12345,AA,0,09XX066666
承商10004,10004,12345,AA,0,09XX066666
承商10005,10005,12345,AA,0,09XX066666
承商10006,10006,12345,AA,0,09XX066666
承商10007,10007,12345,AA,0,09XX066666
承商10008,10008,12345,AA,0,09XX066666
承商10009,10009,12345,AA,0,09XX066666
承商11001,11001,12345,AA,0,09XX066666
承商11002,11002,12345,AA,0,09XX066666
承商11003,11003,12345,AA,0,09XX066666
承商11004,11004,12345,AA,0,09XX066666
承商11005,11005,12345,AA,0,09XX066666
承商11006,11006,12345,AA,0,09XX066666
承商11007,11007,12345,AA,0,09XX066666
承商11008,11008,12345,AA,0,09XX066666
承商11009,11009,12345,AA,0,09XX066666
承商12001,12001,12345,AA,0,09XX066666
承商12002,12002,12345,AA,0,09XX066666
承商12003,12003,12345,AA,0,09XX066666
承商12004,12004,12345,AA,0,09XX066666
承商12005,12005,12345,AA,0,09XX066666
承商12006,12006,12345,AA,0,09XX066666
承商12007,12007,12345,AA,0,09XX066666
承商12008,12008,12345,AA,0,09XX066666
承商12009,12009,12345,AA,0,09XX066666
承商13001,13001,12345,AA,0,09XX066666
承商13002,13002,12345,AA,0,09XX066666
承商13003,13003,12345,AA,0,09XX066666
承商13004,13004,12345,AA,0,09XX066666
承商13005,13005,12345,AA,0,09XX066666
承商13006,13006,12345,AA,0,09XX066666
承商13007,13007,12345,AA,0,09XX066666
承商13008,13008,12345,AA,0,09XX066666
承商13009,13009,12345,AA,0,09XX066666
承商14001,14001,12345,AA,0,09XX066666
承商14002,14002,12345,AA,0,09XX066666
承商14003,14003,12345,AA,0,09XX066666
承商14004,14004,12345,AA,0,09XX066666
承商14005,14005,12345,AA,0,09XX066666
承商14006,14006,12345,AA,0,09XX066666
承商14007,14007,12345,AA,0,09XX066666
承商14008,14008,12345,AA,0,09XX066666
承商14009,14009,12345,AA,0,09XX066666
承商15001,15001,12345,AA,0,09XX066666
承商15002,15002,12345,AA,0,09XX066666
承商15003,15003,12345,AA,0,09XX066666
承商15004,15004,12345,AA,0,09XX066666
承商15005,15005,12345,AA,0,09XX066666
承商15006,15006,12345,AA,0,09XX066666
承商15007,15007,12345,AA,0,09XX066666
承商15008,15008,12345,AA,0,09XX066666
承商15009,15009,12345,AA,0,09XX066666
承商16001,16001,12345,AA,0,09XX066666
承商16002,16002,12345,AA,0,09XX066666
承商16003,16003,12345,AA,0,09XX066666
承商16004,16004,12345,AA,0,09XX066666
承商16005,16005,12345,AA,0,09XX066666
承商16006,16006,12345,AA,0,09XX066666
承商16007,16007,12345,AA,0,09XX066666
承商16008,16008,12345,AA,0,09XX066666
承商16009,16009,12345,AA,0,09XX066666
承商17001,17001,12345,AA,0,09XX066666
承商17002,17002,12345,AA,0,09XX066666
承商17003,17003,12345,AA,0,09XX066666
承商17004,17004,12345,AA,0,09XX066666
承商17005,17005,12345,AA,0,09XX066666
承商17006,17006,12345,AA,0,09XX066666
承商17007,17007,12345,AA,0,09XX066666
承商17008,17008,12345,AA,0,09XX066666
承商17009,17009,12345,AA,0,09XX066666
承商18001,18001,12345,AA,0,09XX066666
承商18002,18002,12345,AA,0,09XX066666
承商18003,18003,12345,AA,0,09XX066666
承商18004,18004,12345,AA,0,09XX066666
承商18005,18005,12345,AA,0,09XX066666
承商18006,18006,12345,AA,0,09XX066666
承商18007,18007,12345,AA,0,09XX066666
承商18008,18008,12345,AA,0,09XX066666
承商18009,18009,12345,AA,0,09XX066666
